"Revenue","Income"
0.10546799999999999,79
0.10886100000000001,81
0.11900000000000001,80
0.11043200000000002,76
0.090128,78
0.089925,82
0.07689599999999999,79
0.105537,84
0.109347,82
0.1316,80
0.12271100000000001,78
0.10692200000000002,84
0.09473400000000001,86
0.11024,96
0.11711600000000001,91
0.14248000000000002,90
